{"Dummy instance":  {"last_played":  1651167302.5877514}, "Dummy2":  {"last_played": 1651166302.5877514}}